protein,gene,uniprot_accession,structure_source,residue_position,residue,residue_label,absolute_sasa,relative_sasa,mean_plddt,target_residue,residue_class_weight
PTEN,PTEN,P60484,AlphaFold/RCSB AF_AFP60484F1,1,M,M1,193.00172148762005,0.8616148280697323,54.94,False,0.0
PTEN,PTEN,P60484,AlphaFold/RCSB AF_AFP60484F1,2,T,T2,77.64726473411872,0.4514375856634809,66.31,False,0.0
PTEN,PTEN,P60484,AlphaFold/RCSB AF_AFP60484F1,3,A,A3,47.09750042555674,0.36509690252369564,72.88,False,0.0
PTEN,PTEN,P60484,AlphaFold/RCSB AF_AFP60484F1,4,I,I4,112.17325489973501,0.5694073852778427,75.12,False,0.0
PTEN,PTEN,P60484,AlphaFold/RCSB AF_AFP60484F1,5,I,I5,69.90626733833795,0.3548541489255734,75.19,False,0.0
PTEN,PTEN,P60484,AlphaFold/RCSB AF_AFP60484F1,6,K,K6,24.607014547696018,0.10426701079532211,78.06,True,0.55
PTEN,PTEN,P60484,AlphaFold/RCSB AF_AFP60484F1,7,E,E7,93.25272411696638,0.41817365074872814,72.44,False,0.0
PTEN,PTEN,P60484,AlphaFold/RCSB AF_AFP60484F1,8,I,I8,114.9791243959916,0.5836503776446275,69.44,False,0.0
PTEN,PTEN,P60484,AlphaFold/RCSB AF_AFP60484F1,9,V,V9,58.61121130629226,0.3368460419901854,71.25,False,0.0
PTEN,PTEN,P60484,AlphaFold/RCSB AF_AFP60484F1,10,S,S10,2.142918048125441,0.013825277729841554,67.25,False,0.0
PTEN,PTEN,P60484,AlphaFold/RCSB AF_AFP60484F1,11,R,R11,148.19865184068607,0.5408709921192922,81.94000000000001,False,0.0
PTEN,PTEN,P60484,AlphaFold/RCSB AF_AFP60484F1,12,N,N12,66.73264300605216,0.34221868208231876,82.5,False,0.0
PTEN,PTEN,P60484,AlphaFold/RCSB AF_AFP60484F1,13,K,K13,20.622432054183164,0.08738318667026765,85.56,True,0.55
PTEN,PTEN,P60484,AlphaFold/RCSB AF_AFP60484F1,14,R,R14,106.96997321767103,0.3904013621082884,84.12,False,0.0
PTEN,PTEN,P60484,AlphaFold/RCSB AF_AFP60484F1,15,R,R15,44.48899834616929,0.16236860710280762,89.80999999999999,False,0.0
PTEN,PTEN,P60484,AlphaFold/RCSB AF_AFP60484F1,16,Y,Y16,27.094603009032095,0.10302130421685207,87.05999999999999,False,0.0
PTEN,PTEN,P60484,AlphaFold/RCSB AF_AFP60484F1,17,Q,Q17,99.10365140775323,0.44046067292334773,86.75,False,0.0
PTEN,PTEN,P60484,AlphaFold/RCSB AF_AFP60484F1,18,E,E18,106.26429610945107,0.4765215072172694,86.88,False,0.0
PTEN,PTEN,P60484,AlphaFold/RCSB AF_AFP60484F1,19,D,D19,102.52397872794012,0.5312123250152337,85.62,False,0.0
PTEN,PTEN,P60484,AlphaFold/RCSB AF_AFP60484F1,20,G,G20,78.10087301418525,0.7509699328287044,87.62,False,0.0
PTEN,PTEN,P60484,AlphaFold/RCSB AF_AFP60484F1,21,F,F21,23.335549168935152,0.09723145487056313,90.19000000000001,False,0.0
PTEN,PTEN,P60484,AlphaFold/RCSB AF_AFP60484F1,22,D,D22,41.04230678043348,0.2126544392768574,91.0,False,0.0
PTEN,PTEN,P60484,AlphaFold/RCSB AF_AFP60484F1,23,L,L23,2.4152564320798326,0.012016201154626033,93.06,False,0.0
PTEN,PTEN,P60484,AlphaFold/RCSB AF_AFP60484F1,24,D,D24,12.194556840621512,0.06318423233482649,93.88,False,0.0
PTEN,PTEN,P60484,AlphaFold/RCSB AF_AFP60484F1,25,L,L25,4.422005288228077,0.022000026309592424,94.88,False,0.0
PTEN,PTEN,P60484,AlphaFold/RCSB AF_AFP60484F1,26,T,T26,13.28391037643908,0.07723203707232024,96.88,False,0.0
PTEN,PTEN,P60484,AlphaFold/RCSB AF_AFP60484F1,27,Y,Y27,63.62638698662994,0.24192542580467657,97.75,False,0.0
PTEN,PTEN,P60484,AlphaFold/RCSB AF_AFP60484F1,28,I,I28,8.571672192501763,0.04351102635787697,98.25,False,0.0
PTEN,PTEN,P60484,AlphaFold/RCSB AF_AFP60484F1,29,Y,Y29,58.20270373036068,0.22130305600897598,98.19000000000001,False,0.0
PTEN,PTEN,P60484,AlphaFold/RCSB AF_AFP60484F1,30,P,P30,105.04576028371787,0.6606651590170936,97.93999999999998,False,0.0
PTEN,PTEN,P60484,AlphaFold/RCSB AF_AFP60484F1,31,N,N31,46.78003620472619,0.2398976215626984,98.38,False,0.0
PTEN,PTEN,P60484,AlphaFold/RCSB AF_AFP60484F1,32,I,I32,3.622884648119749,0.018390277401623092,98.75,False,0.0
PTEN,PTEN,P60484,AlphaFold/RCSB AF_AFP60484F1,33,I,I33,0.0,0.0,98.62,False,0.0
PTEN,PTEN,P60484,AlphaFold/RCSB AF_AFP60484F1,34,A,A34,0.0,0.0,98.44,False,0.0
PTEN,PTEN,P60484,AlphaFold/RCSB AF_AFP60484F1,35,M,M35,0.0,0.0,97.31,False,0.0
PTEN,PTEN,P60484,AlphaFold/RCSB AF_AFP60484F1,36,G,G36,2.4152564320798326,0.02322361953922916,94.0,False,0.0
PTEN,PTEN,P60484,AlphaFold/RCSB AF_AFP60484F1,37,F,F37,7.245769296239498,0.030190705400997907,95.0,False,0.0
PTEN,PTEN,P60484,AlphaFold/RCSB AF_AFP60484F1,38,P,P38,0.0,0.0,95.12,False,0.0
PTEN,PTEN,P60484,AlphaFold/RCSB AF_AFP60484F1,39,A,A39,1.0714590240627204,0.008305883907462949,91.56,False,0.0
PTEN,PTEN,P60484,AlphaFold/RCSB AF_AFP60484F1,40,E,E40,68.56151488615416,0.30745073939979445,86.75,False,0.0
PTEN,PTEN,P60484,AlphaFold/RCSB AF_AFP60484F1,41,R,R41,207.08989214974875,0.7558025260939736,79.0,False,0.0
PTEN,PTEN,P60484,AlphaFold/RCSB AF_AFP60484F1,42,L,L42,147.6293449863731,0.7344743531660353,74.69,False,0.0
PTEN,PTEN,P60484,AlphaFold/RCSB AF_AFP60484F1,43,E,E43,41.91120847656334,0.18794263890835577,76.25,False,0.0
PTEN,PTEN,P60484,AlphaFold/RCSB AF_AFP60484F1,44,G,G44,7.908720744370631,0.07604539177279453,61.0,False,0.0
PTEN,PTEN,P60484,AlphaFold/RCSB AF_AFP60484F1,45,V,V45,57.966154369915984,0.333138818217908,65.25,False,0.0
PTEN,PTEN,P60484,AlphaFold/RCSB AF_AFP60484F1,46,Y,Y46,80.58506855545548,0.30640710477359495,74.44000000000001,False,0.0
PTEN,PTEN,P60484,AlphaFold/RCSB AF_AFP60484F1,47,R,R47,31.646833595936783,0.11549939268590068,85.0,False,0.0
PTEN,PTEN,P60484,AlphaFold/RCSB AF_AFP60484F1,48,N,N48,5.401553877617376,0.02770027629547372,88.81,False,0.0
PTEN,PTEN,P60484,AlphaFold/RCSB AF_AFP60484F1,49,N,N49,49.50933880482947,0.25389404515297165,92.0,False,0.0
PTEN,PTEN,P60484,AlphaFold/RCSB AF_AFP60484F1,50,I,I50,1.2076282160399163,0.006130092467207697,94.62,False,0.0
PTEN,PTEN,P60484,AlphaFold/RCSB AF_AFP60484F1,51,D,D51,87.25037206027648,0.4520744666335569,93.62,False,0.0
PTEN,PTEN,P60484,AlphaFold/RCSB AF_AFP60484F1,52,D,D52,34.55902715396144,0.17906231685990381,94.0,False,0.0
PTEN,PTEN,P60484,AlphaFold/RCSB AF_AFP60484F1,53,V,V53,1.2076282160399163,0.0069403920462064155,96.12,False,0.0
PTEN,PTEN,P60484,AlphaFold/RCSB AF_AFP60484F1,54,V,V54,25.36019253683824,0.1457482329703347,95.93999999999998,False,0.0
PTEN,PTEN,P60484,AlphaFold/RCSB AF_AFP60484F1,55,R,R55,120.07516467123271,0.4382305279971997,95.75,False,0.0
PTEN,PTEN,P60484,AlphaFold/RCSB AF_AFP60484F1,56,F,F56,2.4152564320798326,0.010063568466999302,97.37999999999998,False,0.0
PTEN,PTEN,P60484,AlphaFold/RCSB AF_AFP60484F1,57,L,L57,0.0,0.0,97.44,False,0.0
PTEN,PTEN,P60484,AlphaFold/RCSB AF_AFP60484F1,58,D,D58,62.45275080310188,0.3235893823994916,96.31,False,0.0
PTEN,PTEN,P60484,AlphaFold/RCSB AF_AFP60484F1,59,S,S59,67.82794043517032,0.43759961571077627,96.19,False,0.0
PTEN,PTEN,P60484,AlphaFold/RCSB AF_AFP60484F1,60,K,K60,98.42289341246156,0.4170461585273795,96.31,True,0.55
PTEN,PTEN,P60484,AlphaFold/RCSB AF_AFP60484F1,61,H,H61,27.20524990229153,0.1214520084923729,97.0,True,0.65
PTEN,PTEN,P60484,AlphaFold/RCSB AF_AFP60484F1,62,K,K62,144.57153232566927,0.6125912386680901,96.44,True,0.55
PTEN,PTEN,P60484,AlphaFold/RCSB AF_AFP60484F1,63,N,N63,98.58542684998768,0.5055662915383984,96.06,False,0.0
PTEN,PTEN,P60484,AlphaFold/RCSB AF_AFP60484F1,64,H,H64,57.7584950955137,0.2578504245335433,97.94000000000001,True,0.65
PTEN,PTEN,P60484,AlphaFold/RCSB AF_AFP60484F1,65,Y,Y65,1.2076282160399163,0.004591742266311469,98.44000000000001,False,0.0
PTEN,PTEN,P60484,AlphaFold/RCSB AF_AFP60484F1,66,K,K66,40.85170007095488,0.17310042402946982,98.62,True,0.55
PTEN,PTEN,P60484,AlphaFold/RCSB AF_AFP60484F1,67,I,I67,0.0,0.0,98.56,False,0.0
PTEN,PTEN,P60484,AlphaFold/RCSB AF_AFP60484F1,68,Y,Y68,0.0,0.0,98.75,False,0.0
PTEN,PTEN,P60484,AlphaFold/RCSB AF_AFP60484F1,69,N,N69,4.3522242322065425,0.02231909862670022,98.31,False,0.0
PTEN,PTEN,P60484,AlphaFold/RCSB AF_AFP60484F1,70,L,L70,0.0,0.0,98.56,False,0.0
PTEN,PTEN,P60484,AlphaFold/RCSB AF_AFP60484F1,71,C,C71,1.0714590240627204,0.006415922299776769,96.75,True,1.0
PTEN,PTEN,P60484,AlphaFold/RCSB AF_AFP60484F1,72,A,A72,41.00567581009261,0.3178734558921908,94.94,False,0.0
PTEN,PTEN,P60484,AlphaFold/RCSB AF_AFP60484F1,73,E,E73,77.89747373942123,0.3493160257373149,92.75,False,0.0
PTEN,PTEN,P60484,AlphaFold/RCSB AF_AFP60484F1,74,R,R74,45.568173121789236,0.16630720117441328,89.30999999999999,False,0.0
PTEN,PTEN,P60484,AlphaFold/RCSB AF_AFP60484F1,75,H,H75,115.1475765940771,0.5140516812235585,92.5,True,0.65
PTEN,PTEN,P60484,AlphaFold/RCSB AF_AFP60484F1,76,Y,Y76,29.514094308008964,0.11222089090497706,93.05999999999999,False,0.0
PTEN,PTEN,P60484,AlphaFold/RCSB AF_AFP60484F1,77,D,D77,81.98582932146746,0.4247970431164117,93.5,False,0.0
PTEN,PTEN,P60484,AlphaFold/RCSB AF_AFP60484F1,78,T,T78,48.13740529300681,0.27986863542445817,95.12,False,0.0
PTEN,PTEN,P60484,AlphaFold/RCSB AF_AFP60484F1,79,A,A79,59.2741627544234,0.4594896337552202,94.88,False,0.0
PTEN,PTEN,P60484,AlphaFold/RCSB AF_AFP60484F1,80,K,K80,65.07743836784061,0.27575185749085007,93.06,True,0.55
PTEN,PTEN,P60484,AlphaFold/RCSB AF_AFP60484F1,81,F,F81,0.0,0.0,94.80999999999999,False,0.0
PTEN,PTEN,P60484,AlphaFold/RCSB AF_AFP60484F1,82,N,N82,83.0130295882264,0.4257078440421867,91.12,False,0.0
PTEN,PTEN,P60484,AlphaFold/RCSB AF_AFP60484F1,83,C,C83,94.71228293108297,0.5671394187489998,88.5,True,1.0
PTEN,PTEN,P60484,AlphaFold/RCSB AF_AFP60484F1,84,R,R84,53.430951215193765,0.19500347158829842,94.44000000000001,False,0.0
PTEN,PTEN,P60484,AlphaFold/RCSB AF_AFP60484F1,85,V,V85,30.159151244385253,0.17332845542750144,97.68999999999998,False,0.0
PTEN,PTEN,P60484,AlphaFold/RCSB AF_AFP60484F1,86,A,A86,8.453397512279414,0.06553021327348384,98.31,False,0.0
PTEN,PTEN,P60484,AlphaFold/RCSB AF_AFP60484F1,87,Q,Q87,104.2737327386541,0.463438812171796,98.25,False,0.0
PTEN,PTEN,P60484,AlphaFold/RCSB AF_AFP60484F1,88,Y,Y88,32.84251119352244,0.12487646841643514,98.62,False,0.0
PTEN,PTEN,P60484,AlphaFold/RCSB AF_AFP60484F1,89,P,P89,62.760878210565956,0.3947225044689683,98.12,False,0.0
PTEN,PTEN,P60484,AlphaFold/RCSB AF_AFP60484F1,90,F,F90,9.66102572831933,0.04025427386799721,98.12000000000002,False,0.0
PTEN,PTEN,P60484,AlphaFold/RCSB AF_AFP60484F1,91,E,E91,82.20967408122105,0.3686532470009913,96.56,False,0.0
PTEN,PTEN,P60484,AlphaFold/RCSB AF_AFP60484F1,92,D,D92,26.44012129469504,0.13699544712277223,93.62,False,0.0
PTEN,PTEN,P60484,AlphaFold/RCSB AF_AFP60484F1,93,H,H93,61.200951794352484,0.27321853479621644,94.38,True,0.65
PTEN,PTEN,P60484,AlphaFold/RCSB AF_AFP60484F1,94,N,N94,27.843520998536064,0.1427872871719798,97.38,False,0.0
PTEN,PTEN,P60484,AlphaFold/RCSB AF_AFP60484F1,95,P,P95,10.8507594326044,0.06824377001637988,98.12,False,0.0
PTEN,PTEN,P60484,AlphaFold/RCSB AF_AFP60484F1,96,P,P96,2.142918048125441,0.013477472000788936,98.38,False,0.0
PTEN,PTEN,P60484,AlphaFold/RCSB AF_AFP60484F1,97,Q,Q97,100.47474297274474,0.4465544132121988,98.25,False,0.0
PTEN,PTEN,P60484,AlphaFold/RCSB AF_AFP60484F1,98,L,L98,5.493464312290798,0.02733066822035223,97.69,False,0.0
PTEN,PTEN,P60484,AlphaFold/RCSB AF_AFP60484F1,99,E,E99,117.93630556081567,0.5288623567749582,97.75,False,0.0
PTEN,PTEN,P60484,AlphaFold/RCSB AF_AFP60484F1,100,L,L100,38.64410291327732,0.19225921847401653,98.56,False,0.0
PTEN,PTEN,P60484,AlphaFold/RCSB AF_AFP60484F1,101,I,I101,0.0,0.0,98.81,False,0.0
PTEN,PTEN,P60484,AlphaFold/RCSB AF_AFP60484F1,102,K,K102,99.34124377695892,0.42093747363118184,98.62,True,0.55
PTEN,PTEN,P60484,AlphaFold/RCSB AF_AFP60484F1,103,P,P103,57.55764679398439,0.36199777857851817,98.75,False,0.0
PTEN,PTEN,P60484,AlphaFold/RCSB AF_AFP60484F1,104,F,F104,0.0,0.0,98.87999999999998,False,0.0
PTEN,PTEN,P60484,AlphaFold/RCSB AF_AFP60484F1,105,C,C105,0.0,0.0,98.88,True,1.0
PTEN,PTEN,P60484,AlphaFold/RCSB AF_AFP60484F1,106,E,E106,77.33490245975761,0.3467932845729041,98.75,False,0.0
PTEN,PTEN,P60484,AlphaFold/RCSB AF_AFP60484F1,107,D,D107,37.71728281498588,0.19542633582894237,98.81,False,0.0
PTEN,PTEN,P60484,AlphaFold/RCSB AF_AFP60484F1,108,L,L108,1.2076282160399163,0.0060081005773130166,98.75,False,0.0
PTEN,PTEN,P60484,AlphaFold/RCSB AF_AFP60484F1,109,D,D109,30.409360249687758,0.15756145207092104,98.75,False,0.0
PTEN,PTEN,P60484,AlphaFold/RCSB AF_AFP60484F1,110,Q,Q110,97.7445984258103,0.43442043744804576,98.62,False,0.0
PTEN,PTEN,P60484,AlphaFold/RCSB AF_AFP60484F1,111,W,W111,31.284293803712515,0.10976945194285093,98.61999999999999,False,0.0
PTEN,PTEN,P60484,AlphaFold/RCSB AF_AFP60484F1,112,L,L112,19.83093920103775,0.0986613890598893,98.5,False,0.0
PTEN,PTEN,P60484,AlphaFold/RCSB AF_AFP60484F1,113,S,S113,77.86168471591154,0.5023334497800744,98.0,False,0.0
PTEN,PTEN,P60484,AlphaFold/RCSB AF_AFP60484F1,114,E,E114,110.55013220570194,0.4957405031645827,98.19,False,0.0
PTEN,PTEN,P60484,AlphaFold/RCSB AF_AFP60484F1,115,D,D115,46.7714785063378,0.24233926687221657,98.06,False,0.0
PTEN,PTEN,P60484,AlphaFold/RCSB AF_AFP60484F1,116,D,D116,163.43460966198904,0.8468114490258499,97.5,False,0.0
PTEN,PTEN,P60484,AlphaFold/RCSB AF_AFP60484F1,117,N,N117,95.17612023682959,0.4880826678811774,97.88,False,0.0
PTEN,PTEN,P60484,AlphaFold/RCSB AF_AFP60484F1,118,H,H118,17.088064920670963,0.07628600411013822,98.5,True,0.65
PTEN,PTEN,P60484,AlphaFold/RCSB AF_AFP60484F1,119,V,V119,4.830512864159665,0.027761568184825662,98.56000000000002,False,0.0
PTEN,PTEN,P60484,AlphaFold/RCSB AF_AFP60484F1,120,A,A120,0.0,0.0,98.81,False,0.0
PTEN,PTEN,P60484,AlphaFold/RCSB AF_AFP60484F1,121,A,A121,0.0,0.0,98.62,False,0.0
PTEN,PTEN,P60484,AlphaFold/RCSB AF_AFP60484F1,122,I,I122,0.0,0.0,98.75,False,0.0
PTEN,PTEN,P60484,AlphaFold/RCSB AF_AFP60484F1,123,H,H123,0.0,0.0,97.80999999999999,True,0.65
PTEN,PTEN,P60484,AlphaFold/RCSB AF_AFP60484F1,124,C,C124,6.4339817545518985,0.03852683685360418,94.25,True,1.0
PTEN,PTEN,P60484,AlphaFold/RCSB AF_AFP60484F1,125,K,K125,49.71444710599704,0.21065443688981797,91.12,True,0.55
PTEN,PTEN,P60484,AlphaFold/RCSB AF_AFP60484F1,126,A,A126,40.945319532031846,0.31740557776768874,90.19,False,0.0
PTEN,PTEN,P60484,AlphaFold/RCSB AF_AFP60484F1,127,G,G127,0.0,0.0,92.06,False,0.0
PTEN,PTEN,P60484,AlphaFold/RCSB AF_AFP60484F1,128,K,K128,64.32002551180135,0.2725424809822091,93.12,True,0.55
PTEN,PTEN,P60484,AlphaFold/RCSB AF_AFP60484F1,129,G,G129,14.78684830191644,0.14218123367227345,96.88,False,0.0
PTEN,PTEN,P60484,AlphaFold/RCSB AF_AFP60484F1,130,R,R130,3.5088448347944396,0.012806003046695035,98.37999999999998,False,0.0
PTEN,PTEN,P60484,AlphaFold/RCSB AF_AFP60484F1,131,T,T131,0.0,0.0,98.56000000000002,False,0.0
PTEN,PTEN,P60484,AlphaFold/RCSB AF_AFP60484F1,132,G,G132,0.0,0.0,98.62,False,0.0
PTEN,PTEN,P60484,AlphaFold/RCSB AF_AFP60484F1,133,V,V133,1.2076282160399163,0.0069403920462064155,98.75,False,0.0
PTEN,PTEN,P60484,AlphaFold/RCSB AF_AFP60484F1,134,M,M134,0.0,0.0,98.88,False,0.0
PTEN,PTEN,P60484,AlphaFold/RCSB AF_AFP60484F1,135,I,I135,1.2076282160399163,0.006130092467207697,98.88,False,0.0
PTEN,PTEN,P60484,AlphaFold/RCSB AF_AFP60484F1,136,C,C136,0.0,0.0,98.88,True,1.0
PTEN,PTEN,P60484,AlphaFold/RCSB AF_AFP60484F1,137,A,A137,0.0,0.0,98.88,False,0.0
PTEN,PTEN,P60484,AlphaFold/RCSB AF_AFP60484F1,138,Y,Y138,14.609813272701345,0.05555062080875036,98.88,False,0.0
PTEN,PTEN,P60484,AlphaFold/RCSB AF_AFP60484F1,139,L,L139,2.4152564320798326,0.012016201154626033,98.81,False,0.0
PTEN,PTEN,P60484,AlphaFold/RCSB AF_AFP60484F1,140,L,L140,14.337474888746954,0.07133072083953708,98.62,False,0.0
PTEN,PTEN,P60484,AlphaFold/RCSB AF_AFP60484F1,141,H,H141,54.44533378392607,0.24305952582109852,98.55999999999999,True,0.65
PTEN,PTEN,P60484,AlphaFold/RCSB AF_AFP60484F1,142,R,R142,128.21617477640976,0.46794224370952464,98.12000000000002,False,0.0
PTEN,PTEN,P60484,AlphaFold/RCSB AF_AFP60484F1,143,G,G143,51.624120749149355,0.4963857764341284,97.88,False,0.0
PTEN,PTEN,P60484,AlphaFold/RCSB AF_AFP60484F1,144,K,K144,117.94495122379837,0.4997667424737219,98.12,True,0.55
PTEN,PTEN,P60484,AlphaFold/RCSB AF_AFP60484F1,145,F,F145,37.16413631328301,0.15485056797201255,98.0,False,0.0
PTEN,PTEN,P60484,AlphaFold/RCSB AF_AFP60484F1,146,L,L146,140.73416486390363,0.7001699744472817,94.81,False,0.0
PTEN,PTEN,P60484,AlphaFold/RCSB AF_AFP60484F1,147,K,K147,86.69476254993322,0.36735068877090343,96.38,True,0.55
PTEN,PTEN,P60484,AlphaFold/RCSB AF_AFP60484F1,148,A,A148,4.374353610858429,0.03390971791363123,97.62,False,0.0
PTEN,PTEN,P60484,AlphaFold/RCSB AF_AFP60484F1,149,Q,Q149,55.121944876915,0.24498642167517778,97.56,False,0.0
PTEN,PTEN,P60484,AlphaFold/RCSB AF_AFP60484F1,150,E,E150,85.37979239610543,0.3828690241977822,98.0,False,0.0
PTEN,PTEN,P60484,AlphaFold/RCSB AF_AFP60484F1,151,A,A151,0.0,0.0,98.5,False,0.0
PTEN,PTEN,P60484,AlphaFold/RCSB AF_AFP60484F1,152,L,L152,3.214377072188161,0.015991925732279408,98.25,False,0.0
PTEN,PTEN,P60484,AlphaFold/RCSB AF_AFP60484F1,153,D,D153,80.14077195601418,0.41523716039385583,98.12,False,0.0
PTEN,PTEN,P60484,AlphaFold/RCSB AF_AFP60484F1,154,F,F154,58.94570295930528,0.245607095663772,98.44000000000001,False,0.0
PTEN,PTEN,P60484,AlphaFold/RCSB AF_AFP60484F1,155,Y,Y155,1.2076282160399163,0.004591742266311469,98.44000000000001,False,0.0
PTEN,PTEN,P60484,AlphaFold/RCSB AF_AFP60484F1,156,G,G156,0.0,0.0,97.25,False,0.0
PTEN,PTEN,P60484,AlphaFold/RCSB AF_AFP60484F1,157,E,E157,89.37539559664707,0.40078652733922454,96.94,False,0.0
PTEN,PTEN,P60484,AlphaFold/RCSB AF_AFP60484F1,158,V,V158,33.81359004911766,0.19433097729377963,97.06000000000002,False,0.0
PTEN,PTEN,P60484,AlphaFold/RCSB AF_AFP60484F1,159,R,R159,0.0,0.0,96.75,False,0.0
PTEN,PTEN,P60484,AlphaFold/RCSB AF_AFP60484F1,160,T,T160,3.4867154561425533,0.020271601489200892,93.38,False,0.0
PTEN,PTEN,P60484,AlphaFold/RCSB AF_AFP60484F1,161,R,R161,180.87860446394117,0.6601408922041648,91.75,False,0.0
PTEN,PTEN,P60484,AlphaFold/RCSB AF_AFP60484F1,162,D,D162,53.490465546423366,0.27715267122499154,92.12,False,0.0
PTEN,PTEN,P60484,AlphaFold/RCSB AF_AFP60484F1,163,K,K163,131.06887913594605,0.5553766065082459,93.25,True,0.55
PTEN,PTEN,P60484,AlphaFold/RCSB AF_AFP60484F1,164,K,K164,60.22056125813202,0.25517186973784756,92.06,True,0.55
PTEN,PTEN,P60484,AlphaFold/RCSB AF_AFP60484F1,165,G,G165,4.3522242322065425,0.04184830992506291,94.88,False,0.0
PTEN,PTEN,P60484,AlphaFold/RCSB AF_AFP60484F1,166,V,V166,5.357295120313602,0.030789052415595417,97.43999999999998,False,0.0
PTEN,PTEN,P60484,AlphaFold/RCSB AF_AFP60484F1,167,T,T167,65.43481338174237,0.380434961521758,96.5,False,0.0
PTEN,PTEN,P60484,AlphaFold/RCSB AF_AFP60484F1,168,I,I168,30.190705400997906,0.1532523116801924,97.94,False,0.0
PTEN,PTEN,P60484,AlphaFold/RCSB AF_AFP60484F1,169,P,P169,12.875402800507493,0.0809773761038207,98.12,False,0.0
PTEN,PTEN,P60484,AlphaFold/RCSB AF_AFP60484F1,170,S,S170,0.0,0.0,98.44,False,0.0
PTEN,PTEN,P60484,AlphaFold/RCSB AF_AFP60484F1,171,Q,Q171,4.3522242322065425,0.019343218809806856,98.5,False,0.0
PTEN,PTEN,P60484,AlphaFold/RCSB AF_AFP60484F1,172,R,R172,49.94252673264767,0.18227199537462654,98.5,False,0.0
PTEN,PTEN,P60484,AlphaFold/RCSB AF_AFP60484F1,173,R,R173,29.915816043808803,0.10918181037886425,98.25,False,0.0
PTEN,PTEN,P60484,AlphaFold/RCSB AF_AFP60484F1,174,Y,Y174,1.0714590240627204,0.004073988684649127,98.44000000000001,False,0.0
PTEN,PTEN,P60484,AlphaFold/RCSB AF_AFP60484F1,175,V,V175,1.2076282160399163,0.0069403920462064155,98.5,False,0.0
PTEN,PTEN,P60484,AlphaFold/RCSB AF_AFP60484F1,176,Y,Y176,46.008146889739166,0.17493591973284853,98.12,False,0.0
PTEN,PTEN,P60484,AlphaFold/RCSB AF_AFP60484F1,177,Y,Y177,17.56974647268996,0.06680511966802266,97.80999999999999,False,0.0
PTEN,PTEN,P60484,AlphaFold/RCSB AF_AFP60484F1,178,Y,Y178,13.011571992484688,0.04947365776610148,98.05999999999999,False,0.0
PTEN,PTEN,P60484,AlphaFold/RCSB AF_AFP60484F1,179,S,S179,17.415682768957918,0.11235924367069625,97.56,False,0.0
PTEN,PTEN,P60484,AlphaFold/RCSB AF_AFP60484F1,180,Y,Y180,35.938613585488255,0.1366487208573698,96.19000000000001,False,0.0
PTEN,PTEN,P60484,AlphaFold/RCSB AF_AFP60484F1,181,L,L181,13.147741184461884,0.06541164768388998,96.31,False,0.0
PTEN,PTEN,P60484,AlphaFold/RCSB AF_AFP60484F1,182,L,L182,54.18920601806418,0.26959803989086656,96.56,False,0.0
PTEN,PTEN,P60484,AlphaFold/RCSB AF_AFP60484F1,183,K,K183,114.64208176974387,0.4857715329226435,95.19,True,0.55
PTEN,PTEN,P60484,AlphaFold/RCSB AF_AFP60484F1,184,N,N184,66.4926127609473,0.3409877577484477,94.31,False,0.0
PTEN,PTEN,P60484,AlphaFold/RCSB AF_AFP60484F1,185,H,H185,166.8900599880431,0.7450449106609067,95.0,True,0.65
PTEN,PTEN,P60484,AlphaFold/RCSB AF_AFP60484F1,186,L,L186,69.75220363460592,0.34702588872938267,95.31,False,0.0
PTEN,PTEN,P60484,AlphaFold/RCSB AF_AFP60484F1,187,D,D187,122.44682836365129,0.6344395252002658,95.12,False,0.0
PTEN,PTEN,P60484,AlphaFold/RCSB AF_AFP60484F1,188,Y,Y188,51.03179230387092,0.19403723309456625,96.19000000000001,False,0.0
PTEN,PTEN,P60484,AlphaFold/RCSB AF_AFP60484F1,189,R,R189,119.61645444469674,0.43655640308283483,95.0,False,0.0
PTEN,PTEN,P60484,AlphaFold/RCSB AF_AFP60484F1,190,P,P190,83.81734013939847,0.5271530826377262,94.93999999999998,False,0.0
PTEN,PTEN,P60484,AlphaFold/RCSB AF_AFP60484F1,191,V,V191,31.398333617037824,0.18045019320136682,95.43999999999998,False,0.0
PTEN,PTEN,P60484,AlphaFold/RCSB AF_AFP60484F1,192,A,A192,44.638827183004295,0.34603742002328913,96.88,False,0.0
PTEN,PTEN,P60484,AlphaFold/RCSB AF_AFP60484F1,193,L,L193,1.0714590240627204,0.005330641910759803,96.56,False,0.0
PTEN,PTEN,P60484,AlphaFold/RCSB AF_AFP60484F1,194,L,L194,48.30512864159665,0.24032402309252066,97.56,False,0.0
PTEN,PTEN,P60484,AlphaFold/RCSB AF_AFP60484F1,195,F,F195,0.0,0.0,97.75,False,0.0
PTEN,PTEN,P60484,AlphaFold/RCSB AF_AFP60484F1,196,H,H196,33.04167560138942,0.14750748036334563,97.38,True,0.65
PTEN,PTEN,P60484,AlphaFold/RCSB AF_AFP60484F1,197,K,K197,44.42777498853614,0.18825328384972942,97.62,True,0.55
PTEN,PTEN,P60484,AlphaFold/RCSB AF_AFP60484F1,198,M,M198,0.0,0.0,98.25,False,0.0
PTEN,PTEN,P60484,AlphaFold/RCSB AF_AFP60484F1,199,M,M199,16.41168002235308,0.07326642867121912,97.81,False,0.0
PTEN,PTEN,P60484,AlphaFold/RCSB AF_AFP60484F1,200,F,F200,0.0,0.0,98.30999999999999,False,0.0
PTEN,PTEN,P60484,AlphaFold/RCSB AF_AFP60484F1,201,E,E201,35.10370392187023,0.15741571265412657,95.88,False,0.0
PTEN,PTEN,P60484,AlphaFold/RCSB AF_AFP60484F1,202,T,T202,21.601138696741295,0.12558801567872846,97.18999999999998,False,0.0
PTEN,PTEN,P60484,AlphaFold/RCSB AF_AFP60484F1,203,I,I203,24.064888753021947,0.12215679570061902,97.62,False,0.0
PTEN,PTEN,P60484,AlphaFold/RCSB AF_AFP60484F1,204,P,P204,1.2076282160399163,0.007595146012829662,97.88,False,0.0
PTEN,PTEN,P60484,AlphaFold/RCSB AF_AFP60484F1,205,M,M205,73.24304086030999,0.3269778609835267,96.69,False,0.0
PTEN,PTEN,P60484,AlphaFold/RCSB AF_AFP60484F1,206,F,F206,44.492391266235174,0.18538496360931322,95.37999999999998,False,0.0
PTEN,PTEN,P60484,AlphaFold/RCSB AF_AFP60484F1,207,S,S207,56.006102146970704,0.36132969127077874,92.88,False,0.0
PTEN,PTEN,P60484,AlphaFold/RCSB AF_AFP60484F1,208,G,G208,86.46236009179125,0.8313688470364544,90.75,False,0.0
PTEN,PTEN,P60484,AlphaFold/RCSB AF_AFP60484F1,209,G,G209,50.707567375649845,0.48757276322740234,92.12,False,0.0
PTEN,PTEN,P60484,AlphaFold/RCSB AF_AFP60484F1,210,T,T210,41.858479985465486,0.2433632557294505,93.81000000000002,False,0.0
PTEN,PTEN,P60484,AlphaFold/RCSB AF_AFP60484F1,211,C,C211,14.201305696769758,0.08503775866329197,95.44,True,1.0
PTEN,PTEN,P60484,AlphaFold/RCSB AF_AFP60484F1,212,N,N212,46.66854736463559,0.23932588392120818,95.56,False,0.0
PTEN,PTEN,P60484,AlphaFold/RCSB AF_AFP60484F1,213,P,P213,1.0714590240627204,0.006738736000394468,97.25,False,0.0
PTEN,PTEN,P60484,AlphaFold/RCSB AF_AFP60484F1,214,Q,Q214,30.487699004097678,0.13550088446265635,97.12,False,0.0
PTEN,PTEN,P60484,AlphaFold/RCSB AF_AFP60484F1,215,F,F215,6.038141080199582,0.025158921167498256,98.37999999999998,False,0.0
PTEN,PTEN,P60484,AlphaFold/RCSB AF_AFP60484F1,216,V,V216,21.601138696741298,0.12414447526862815,98.38,False,0.0
PTEN,PTEN,P60484,AlphaFold/RCSB AF_AFP60484F1,217,V,V217,0.0,0.0,98.68999999999998,False,0.0
PTEN,PTEN,P60484,AlphaFold/RCSB AF_AFP60484F1,218,C,C218,29.51714793606827,0.17674938883873215,98.5,True,1.0
PTEN,PTEN,P60484,AlphaFold/RCSB AF_AFP60484F1,219,Q,Q219,51.313530333044866,0.22806013481353274,97.31,False,0.0
PTEN,PTEN,P60484,AlphaFold/RCSB AF_AFP60484F1,220,L,L220,85.85987801905641,0.4271635722341115,91.56,False,0.0
PTEN,PTEN,P60484,AlphaFold/RCSB AF_AFP60484F1,221,K,K221,166.0500735106969,0.703602006401258,90.44,True,0.55
PTEN,PTEN,P60484,AlphaFold/RCSB AF_AFP60484F1,222,V,V222,94.19500085111348,0.5413505796041005,96.88,False,0.0
PTEN,PTEN,P60484,AlphaFold/RCSB AF_AFP60484F1,223,K,K223,135.51130477642246,0.5742004439678918,97.94,True,0.55
PTEN,PTEN,P60484,AlphaFold/RCSB AF_AFP60484F1,224,I,I224,61.807693866725586,0.31374463891738874,98.12,False,0.0
PTEN,PTEN,P60484,AlphaFold/RCSB AF_AFP60484F1,225,Y,Y225,53.50836005817821,0.20345384052539245,98.5,False,0.0
PTEN,PTEN,P60484,AlphaFold/RCSB AF_AFP60484F1,226,S,S226,66.46285559533248,0.42879261674408053,97.88,False,0.0
PTEN,PTEN,P60484,AlphaFold/RCSB AF_AFP60484F1,227,S,S227,11.25926700853599,0.07264043231313541,97.44,False,0.0
PTEN,PTEN,P60484,AlphaFold/RCSB AF_AFP60484F1,228,N,N228,136.79718378227798,0.7015240193962974,94.69,False,0.0
PTEN,PTEN,P60484,AlphaFold/RCSB AF_AFP60484F1,229,S,S229,53.97383099210469,0.34821826446519155,93.56,False,0.0
PTEN,PTEN,P60484,AlphaFold/RCSB AF_AFP60484F1,230,G,G230,18.232697920821096,0.17531440308481822,94.31,False,0.0
PTEN,PTEN,P60484,AlphaFold/RCSB AF_AFP60484F1,231,P,P231,38.33597550581324,0.24110676418750465,96.81000000000002,False,0.0
PTEN,PTEN,P60484,AlphaFold/RCSB AF_AFP60484F1,232,T,T232,79.63188421161509,0.4629760709977621,96.56000000000002,False,0.0
PTEN,PTEN,P60484,AlphaFold/RCSB AF_AFP60484F1,233,R,R233,99.81782338250851,0.3642986254836077,95.5,False,0.0
PTEN,PTEN,P60484,AlphaFold/RCSB AF_AFP60484F1,234,R,R234,127.37873927229825,0.46488590975291333,94.75,False,0.0
PTEN,PTEN,P60484,AlphaFold/RCSB AF_AFP60484F1,235,E,E235,65.27651481111329,0.2927197973592524,93.38,False,0.0
PTEN,PTEN,P60484,AlphaFold/RCSB AF_AFP60484F1,236,D,D236,127.31820706504885,0.6596798293525847,92.0,False,0.0
PTEN,PTEN,P60484,AlphaFold/RCSB AF_AFP60484F1,237,K,K237,101.54884093463647,0.4302916988755783,94.62,True,0.55
PTEN,PTEN,P60484,AlphaFold/RCSB AF_AFP60484F1,238,F,F238,60.38141080199581,0.25158921167498255,97.05999999999999,False,0.0
PTEN,PTEN,P60484,AlphaFold/RCSB AF_AFP60484F1,239,M,M239,3.622884648119749,0.016173592179106022,98.0,False,0.0
PTEN,PTEN,P60484,AlphaFold/RCSB AF_AFP60484F1,240,Y,Y240,27.739659945408384,0.10547399218786457,98.12,False,0.0
PTEN,PTEN,P60484,AlphaFold/RCSB AF_AFP60484F1,241,F,F241,4.830512864159665,0.020127136933998604,98.44000000000001,False,0.0
PTEN,PTEN,P60484,AlphaFold/RCSB AF_AFP60484F1,242,E,E242,77.45317713997996,0.34732366430484285,97.88,False,0.0
PTEN,PTEN,P60484,AlphaFold/RCSB AF_AFP60484F1,243,F,F243,18.350972601043445,0.07646238583768102,97.75,False,0.0
PTEN,PTEN,P60484,AlphaFold/RCSB AF_AFP60484F1,244,P,P244,112.7825228126016,0.7093240428465509,96.81000000000002,False,0.0
PTEN,PTEN,P60484,AlphaFold/RCSB AF_AFP60484F1,245,Q,Q245,140.9025919292479,0.6262337419077685,96.31,False,0.0
PTEN,PTEN,P60484,AlphaFold/RCSB AF_AFP60484F1,246,P,P246,55.124495850149714,0.3466949424537718,97.0,False,0.0
PTEN,PTEN,P60484,AlphaFold/RCSB AF_AFP60484F1,247,L,L247,18.114423240598747,0.09012150865969526,98.25,False,0.0
PTEN,PTEN,P60484,AlphaFold/RCSB AF_AFP60484F1,248,P,P248,88.00279606718186,0.5534767048250432,97.93999999999998,False,0.0
PTEN,PTEN,P60484,AlphaFold/RCSB AF_AFP60484F1,249,V,V249,5.651762882919881,0.03248139587884989,98.18999999999998,False,0.0
PTEN,PTEN,P60484,AlphaFold/RCSB AF_AFP60484F1,250,C,C250,39.30911524618922,0.2353839236298756,97.44,True,1.0
PTEN,PTEN,P60484,AlphaFold/RCSB AF_AFP60484F1,251,G,G251,4.830512864159665,0.04644723907845832,97.38,False,0.0
PTEN,PTEN,P60484,AlphaFold/RCSB AF_AFP60484F1,252,D,D252,9.823559165845452,0.050899270289354676,98.19,False,0.0
PTEN,PTEN,P60484,AlphaFold/RCSB AF_AFP60484F1,253,I,I253,0.0,0.0,98.12,False,0.0
PTEN,PTEN,P60484,AlphaFold/RCSB AF_AFP60484F1,254,K,K254,38.93770359631122,0.164990269475895,98.56,True,0.55
PTEN,PTEN,P60484,AlphaFold/RCSB AF_AFP60484F1,255,V,V255,0.0,0.0,98.56000000000002,False,0.0
PTEN,PTEN,P60484,AlphaFold/RCSB AF_AFP60484F1,256,E,E256,23.980606105311438,0.10753635024803335,98.56,False,0.0
PTEN,PTEN,P60484,AlphaFold/RCSB AF_AFP60484F1,257,F,F257,1.0714590240627204,0.0044644126002613355,98.55999999999999,False,0.0
PTEN,PTEN,P60484,AlphaFold/RCSB AF_AFP60484F1,258,F,F258,19.32205145663866,0.08050854773599442,97.69000000000001,False,0.0
PTEN,PTEN,P60484,AlphaFold/RCSB AF_AFP60484F1,259,H,H259,9.432946101668712,0.04211136652530675,96.62,True,0.65
PTEN,PTEN,P60484,AlphaFold/RCSB AF_AFP60484F1,260,K,K260,91.3644258702291,0.38713739775520806,92.5,True,0.55
PTEN,PTEN,P60484,AlphaFold/RCSB AF_AFP60484F1,261,Q,Q261,76.08562929150172,0.3381583524066743,84.75,False,0.0
PTEN,PTEN,P60484,AlphaFold/RCSB AF_AFP60484F1,262,N,N262,130.09609125394726,0.6671594423279347,74.44,False,0.0
PTEN,PTEN,P60484,AlphaFold/RCSB AF_AFP60484F1,263,K,K263,209.93232978449308,0.8895437702732758,71.25,True,0.55
PTEN,PTEN,P60484,AlphaFold/RCSB AF_AFP60484F1,264,M,M264,116.76515751866924,0.5212730246369163,73.56,False,0.0
PTEN,PTEN,P60484,AlphaFold/RCSB AF_AFP60484F1,265,L,L265,184.96448447097632,0.9202213157760015,77.62,False,0.0
PTEN,PTEN,P60484,AlphaFold/RCSB AF_AFP60484F1,266,K,K266,152.954306835096,0.6481114696402372,85.38,True,0.55
PTEN,PTEN,P60484,AlphaFold/RCSB AF_AFP60484F1,267,K,K267,86.52112044078399,0.36661491712196603,89.38,True,0.55
PTEN,PTEN,P60484,AlphaFold/RCSB AF_AFP60484F1,268,D,D268,59.356648411136064,0.3075474010939692,93.62,False,0.0
PTEN,PTEN,P60484,AlphaFold/RCSB AF_AFP60484F1,269,K,K269,103.41857865197636,0.43821431632193375,96.44,True,0.55
PTEN,PTEN,P60484,AlphaFold/RCSB AF_AFP60484F1,270,M,M270,1.0714590240627204,0.004783299214565716,98.06,False,0.0
PTEN,PTEN,P60484,AlphaFold/RCSB AF_AFP60484F1,271,F,F271,1.2076282160399163,0.005031784233499651,98.55999999999999,False,0.0
PTEN,PTEN,P60484,AlphaFold/RCSB AF_AFP60484F1,272,H,H272,39.64407185491496,0.17698246363801323,98.69000000000001,True,0.65
PTEN,PTEN,P60484,AlphaFold/RCSB AF_AFP60484F1,273,F,F273,0.0,0.0,98.55999999999999,False,0.0
PTEN,PTEN,P60484,AlphaFold/RCSB AF_AFP60484F1,274,W,W274,27.775448968918077,0.09745771568041431,98.44000000000003,False,0.0
PTEN,PTEN,P60484,AlphaFold/RCSB AF_AFP60484F1,275,V,V275,0.0,0.0,97.93999999999998,False,0.0
PTEN,PTEN,P60484,AlphaFold/RCSB AF_AFP60484F1,276,N,N276,0.0,0.0,97.75,False,0.0
PTEN,PTEN,P60484,AlphaFold/RCSB AF_AFP60484F1,277,T,T277,0.0,0.0,97.0,False,0.0
PTEN,PTEN,P60484,AlphaFold/RCSB AF_AFP60484F1,278,F,F278,33.79569553736281,0.14081539807234505,95.75,False,0.0
PTEN,PTEN,P60484,AlphaFold/RCSB AF_AFP60484F1,279,F,F279,13.538354248638624,0.0564098093693276,95.62000000000002,False,0.0
PTEN,PTEN,P60484,AlphaFold/RCSB AF_AFP60484F1,280,I,I280,3.350546264165357,0.01700784905667694,93.12,False,0.0
PTEN,PTEN,P60484,AlphaFold/RCSB AF_AFP60484F1,281,P,P281,23.06321078498076,0.1450516401571117,83.81000000000002,False,0.0
PTEN,PTEN,P60484,AlphaFold/RCSB AF_AFP60484F1,282,G,G282,22.260697224806556,0.21404516562313997,65.69,False,0.0
PTEN,PTEN,P60484,AlphaFold/RCSB AF_AFP60484F1,283,P,P283,58.76527501002431,0.36959292459134785,52.84000000000002,False,0.0
PTEN,PTEN,P60484,AlphaFold/RCSB AF_AFP60484F1,284,E,E284,175.16793043558113,0.7855064145093325,48.84,False,0.0
PTEN,PTEN,P60484,AlphaFold/RCSB AF_AFP60484F1,285,E,E285,83.10494002289984,0.3726678924793715,45.16,False,0.0
PTEN,PTEN,P60484,AlphaFold/RCSB AF_AFP60484F1,286,T,T286,96.52078472441909,0.5611673530489482,42.38,False,0.0
PTEN,PTEN,P60484,AlphaFold/RCSB AF_AFP60484F1,287,S,S287,82.14752081216243,0.5299840052397576,31.77,False,0.0
PTEN,PTEN,P60484,AlphaFold/RCSB AF_AFP60484F1,288,E,E288,149.40526218070622,0.6699787541735704,32.66,False,0.0
PTEN,PTEN,P60484,AlphaFold/RCSB AF_AFP60484F1,289,K,K289,201.066189829385,0.8519753806329873,25.949999999999996,True,0.55
PTEN,PTEN,P60484,AlphaFold/RCSB AF_AFP60484F1,290,V,V290,135.54363804801318,0.7789864255632941,30.550000000000004,False,0.0
PTEN,PTEN,P60484,AlphaFold/RCSB AF_AFP60484F1,291,E,E291,159.7113448454018,0.716194371504044,26.19,False,0.0
PTEN,PTEN,P60484,AlphaFold/RCSB AF_AFP60484F1,292,N,N292,145.87690177234768,0.7480866757556291,28.28,False,0.0
PTEN,PTEN,P60484,AlphaFold/RCSB AF_AFP60484F1,293,G,G293,80.35443795557013,0.7726388264958667,26.14,False,0.0
PTEN,PTEN,P60484,AlphaFold/RCSB AF_AFP60484F1,294,S,S294,118.10910572313372,0.7619942304718305,27.12,False,0.0
PTEN,PTEN,P60484,AlphaFold/RCSB AF_AFP60484F1,295,L,L295,170.1257496247932,0.8463967643024537,28.050000000000004,False,0.0
PTEN,PTEN,P60484,AlphaFold/RCSB AF_AFP60484F1,296,C,C296,84.86533774952419,0.5081756751468515,29.45,True,1.0
PTEN,PTEN,P60484,AlphaFold/RCSB AF_AFP60484F1,297,D,D297,61.271486832610876,0.31746884369228434,41.91,False,0.0
PTEN,PTEN,P60484,AlphaFold/RCSB AF_AFP60484F1,298,Q,Q298,129.23481734478034,0.5743769659768015,44.59,False,0.0
PTEN,PTEN,P60484,AlphaFold/RCSB AF_AFP60484F1,299,E,E299,109.49656769339406,0.49101599862508544,49.97,False,0.0
PTEN,PTEN,P60484,AlphaFold/RCSB AF_AFP60484F1,300,I,I300,37.050096499957704,0.18807155583734875,52.5,False,0.0
PTEN,PTEN,P60484,AlphaFold/RCSB AF_AFP60484F1,301,D,D301,63.2518714432102,0.32772990385083006,43.09,False,0.0
PTEN,PTEN,P60484,AlphaFold/RCSB AF_AFP60484F1,302,S,S302,94.88675442069272,0.6121726091657596,47.47,False,0.0
PTEN,PTEN,P60484,AlphaFold/RCSB AF_AFP60484F1,303,I,I303,46.96133123357954,0.23838239204862713,58.62,False,0.0
PTEN,PTEN,P60484,AlphaFold/RCSB AF_AFP60484F1,304,C,C304,32.67150802220224,0.19563777258803736,58.34000000000001,True,1.0
PTEN,PTEN,P60484,AlphaFold/RCSB AF_AFP60484F1,305,S,S305,46.96556610047658,0.30300365226113923,69.06,False,0.0
PTEN,PTEN,P60484,AlphaFold/RCSB AF_AFP60484F1,306,I,I306,82.68033492621124,0.4196971316051332,66.31,False,0.0
PTEN,PTEN,P60484,AlphaFold/RCSB AF_AFP60484F1,307,E,E307,55.36104521059442,0.2482558081192575,66.94,False,0.0
PTEN,PTEN,P60484,AlphaFold/RCSB AF_AFP60484F1,308,R,R308,202.0423203659672,0.737380731262654,54.840000000000025,False,0.0
PTEN,PTEN,P60484,AlphaFold/RCSB AF_AFP60484F1,309,A,A309,34.22633249194629,0.2653204069143123,59.75,False,0.0
PTEN,PTEN,P60484,AlphaFold/RCSB AF_AFP60484F1,310,D,D310,165.59965708876638,0.8580293113407584,53.59000000000002,False,0.0
PTEN,PTEN,P60484,AlphaFold/RCSB AF_AFP60484F1,311,N,N311,128.21100999808726,0.65749235896455,56.84000000000002,False,0.0
PTEN,PTEN,P60484,AlphaFold/RCSB AF_AFP60484F1,312,D,D312,154.2076138083191,0.799003180353985,60.81,False,0.0
PTEN,PTEN,P60484,AlphaFold/RCSB AF_AFP60484F1,313,K,K313,114.08128234833688,0.48339526418786816,69.5,True,0.55
PTEN,PTEN,P60484,AlphaFold/RCSB AF_AFP60484F1,314,E,E314,91.17619420479659,0.4088618574206125,84.06,False,0.0
PTEN,PTEN,P60484,AlphaFold/RCSB AF_AFP60484F1,315,Y,Y315,25.052065129374157,0.09525500049191694,91.80999999999999,False,0.0
PTEN,PTEN,P60484,AlphaFold/RCSB AF_AFP60484F1,316,L,L316,12.076282160399163,0.060081005773130164,93.88,False,0.0
PTEN,PTEN,P60484,AlphaFold/RCSB AF_AFP60484F1,317,V,V317,0.0,0.0,94.18999999999998,False,0.0
PTEN,PTEN,P60484,AlphaFold/RCSB AF_AFP60484F1,318,L,L318,9.66102572831933,0.04806480461850413,95.0,False,0.0
PTEN,PTEN,P60484,AlphaFold/RCSB AF_AFP60484F1,319,T,T319,32.978680385499636,0.19173651386918394,96.12,False,0.0
PTEN,PTEN,P60484,AlphaFold/RCSB AF_AFP60484F1,320,L,L320,3.622884648119749,0.01802430173193905,96.75,False,0.0
PTEN,PTEN,P60484,AlphaFold/RCSB AF_AFP60484F1,321,T,T321,52.18245716191595,0.3033863788483485,97.81000000000002,False,0.0
PTEN,PTEN,P60484,AlphaFold/RCSB AF_AFP60484F1,322,K,K322,9.546985914994021,0.04045333014827975,97.94,True,0.55
PTEN,PTEN,P60484,AlphaFold/RCSB AF_AFP60484F1,323,N,N323,104.54700103403398,0.5361384668411999,97.25,False,0.0
PTEN,PTEN,P60484,AlphaFold/RCSB AF_AFP60484F1,324,D,D324,44.065989178548726,0.22832118745362034,97.62,False,0.0
PTEN,PTEN,P60484,AlphaFold/RCSB AF_AFP60484F1,325,L,L325,0.0,0.0,98.12,False,0.0
PTEN,PTEN,P60484,AlphaFold/RCSB AF_AFP60484F1,326,D,D326,7.109600104262302,0.03683730623970105,97.62,False,0.0
PTEN,PTEN,P60484,AlphaFold/RCSB AF_AFP60484F1,327,K,K327,95.88089256636529,0.4062749685015478,97.81,True,0.55
PTEN,PTEN,P60484,AlphaFold/RCSB AF_AFP60484F1,328,A,A328,0.0,0.0,97.81,False,0.0
PTEN,PTEN,P60484,AlphaFold/RCSB AF_AFP60484F1,329,N,N329,26.212041668044424,0.1344207265027919,96.69,False,0.0
PTEN,PTEN,P60484,AlphaFold/RCSB AF_AFP60484F1,330,K,K330,80.87275047793,0.3426811460929237,96.38,True,0.55
PTEN,PTEN,P60484,AlphaFold/RCSB AF_AFP60484F1,331,D,D331,20.647954352900925,0.10698421944508252,97.19,False,0.0
PTEN,PTEN,P60484,AlphaFold/RCSB AF_AFP60484F1,332,K,K332,123.3916309382919,0.5228458938063216,96.19,True,0.55
PTEN,PTEN,P60484,AlphaFold/RCSB AF_AFP60484F1,333,A,A333,77.07283080059514,0.5974638046557763,97.31,False,0.0
PTEN,PTEN,P60484,AlphaFold/RCSB AF_AFP60484F1,334,N,N334,57.244417440050896,0.2935611150771841,96.69,False,0.0
PTEN,PTEN,P60484,AlphaFold/RCSB AF_AFP60484F1,335,R,R335,174.00819265795258,0.6350663965618707,97.05999999999999,False,0.0
PTEN,PTEN,P60484,AlphaFold/RCSB AF_AFP60484F1,336,Y,Y336,105.90947206878401,0.40269761242883656,97.80999999999999,False,0.0
PTEN,PTEN,P60484,AlphaFold/RCSB AF_AFP60484F1,337,F,F337,6.038141080199582,0.025158921167498256,98.19000000000001,False,0.0
PTEN,PTEN,P60484,AlphaFold/RCSB AF_AFP60484F1,338,S,S338,30.018747185511018,0.19366933668071623,97.25,False,0.0
PTEN,PTEN,P60484,AlphaFold/RCSB AF_AFP60484F1,339,P,P339,94.41365569980333,0.5937965767283229,97.25,False,0.0
PTEN,PTEN,P60484,AlphaFold/RCSB AF_AFP60484F1,340,N,N340,87.71941184345745,0.44984313765875616,95.88,False,0.0
PTEN,PTEN,P60484,AlphaFold/RCSB AF_AFP60484F1,341,F,F341,2.279087240102637,0.009496196833760987,98.0,False,0.0
PTEN,PTEN,P60484,AlphaFold/RCSB AF_AFP60484F1,342,K,K342,67.25867127996924,0.2849943698303781,97.75,True,0.55
PTEN,PTEN,P60484,AlphaFold/RCSB AF_AFP60484F1,343,V,V343,0.0,0.0,97.5,False,0.0
PTEN,PTEN,P60484,AlphaFold/RCSB AF_AFP60484F1,344,K,K344,35.45098814016867,0.15021605144139266,96.94,True,0.55
PTEN,PTEN,P60484,AlphaFold/RCSB AF_AFP60484F1,345,L,L345,0.0,0.0,97.12,False,0.0
PTEN,PTEN,P60484,AlphaFold/RCSB AF_AFP60484F1,346,Y,Y346,19.031818560929423,0.07236432912900921,96.25,False,0.0
PTEN,PTEN,P60484,AlphaFold/RCSB AF_AFP60484F1,347,F,F347,0.0,0.0,96.25,False,0.0
PTEN,PTEN,P60484,AlphaFold/RCSB AF_AFP60484F1,348,T,T348,27.230772201009295,0.15831844302912382,94.93999999999998,False,0.0
PTEN,PTEN,P60484,AlphaFold/RCSB AF_AFP60484F1,349,K,K349,85.56454317687775,0.36256162363083794,92.25,True,0.55
PTEN,PTEN,P60484,AlphaFold/RCSB AF_AFP60484F1,350,T,T350,72.50438959559794,0.42153714881161597,87.06000000000002,False,0.0
PTEN,PTEN,P60484,AlphaFold/RCSB AF_AFP60484F1,351,V,V351,89.09214960299943,0.5120238482931001,71.62,False,0.0
PTEN,PTEN,P60484,AlphaFold/RCSB AF_AFP60484F1,352,E,E352,187.3769888678916,0.8402555554613974,54.25,False,0.0
PTEN,PTEN,P60484,AlphaFold/RCSB AF_AFP60484F1,353,E,E353,117.1814436780111,0.5254773259103637,43.5,False,0.0
PTEN,PTEN,P60484,AlphaFold/RCSB AF_AFP60484F1,354,P,P354,107.18867833184332,0.6741426310178825,34.44,False,0.0
PTEN,PTEN,P60484,AlphaFold/RCSB AF_AFP60484F1,355,S,S355,117.44531232817144,0.7577116924398157,33.56,False,0.0
PTEN,PTEN,P60484,AlphaFold/RCSB AF_AFP60484F1,356,N,N356,122.97198955799601,0.6306255874769027,34.16,False,0.0
PTEN,PTEN,P60484,AlphaFold/RCSB AF_AFP60484F1,357,P,P357,116.83180954840779,0.7347912550214326,33.5,False,0.0
PTEN,PTEN,P60484,AlphaFold/RCSB AF_AFP60484F1,358,E,E358,162.13422906444455,0.7270593231589442,34.47,False,0.0
PTEN,PTEN,P60484,AlphaFold/RCSB AF_AFP60484F1,359,A,A359,101.70113278011188,0.7883808742644332,34.84,False,0.0
PTEN,PTEN,P60484,AlphaFold/RCSB AF_AFP60484F1,360,S,S360,118.70227611524334,0.7658211362273764,40.22,False,0.0
PTEN,PTEN,P60484,AlphaFold/RCSB AF_AFP60484F1,361,S,S361,115.96195280811125,0.7481416310200726,31.2,False,0.0
PTEN,PTEN,P60484,AlphaFold/RCSB AF_AFP60484F1,362,S,S362,87.52355239106205,0.5646680799423358,43.78,False,0.0
PTEN,PTEN,P60484,AlphaFold/RCSB AF_AFP60484F1,363,T,T363,127.52595430404546,0.7414299668839852,34.09,False,0.0
PTEN,PTEN,P60484,AlphaFold/RCSB AF_AFP60484F1,364,S,S364,112.31693878133962,0.7246254114925137,35.03,False,0.0
PTEN,PTEN,P60484,AlphaFold/RCSB AF_AFP60484F1,365,V,V365,130.18634292769957,0.7481973731476986,40.19,False,0.0
PTEN,PTEN,P60484,AlphaFold/RCSB AF_AFP60484F1,366,T,T366,115.45645798377802,0.6712584766498723,38.410000000000004,False,0.0
PTEN,PTEN,P60484,AlphaFold/RCSB AF_AFP60484F1,367,P,P367,126.62900446870432,0.7964088331365052,43.410000000000004,False,0.0
PTEN,PTEN,P60484,AlphaFold/RCSB AF_AFP60484F1,368,D,D368,145.33384606624813,0.7530251091515447,34.84,False,0.0
PTEN,PTEN,P60484,AlphaFold/RCSB AF_AFP60484F1,369,V,V369,137.63806247193781,0.7910233475398725,36.88,False,0.0
PTEN,PTEN,P60484,AlphaFold/RCSB AF_AFP60484F1,370,S,S370,96.4109797779908,0.6220063211483278,40.94,False,0.0
PTEN,PTEN,P60484,AlphaFold/RCSB AF_AFP60484F1,371,D,D371,141.8028718528018,0.7347299059730662,34.09,False,0.0
PTEN,PTEN,P60484,AlphaFold/RCSB AF_AFP60484F1,372,N,N372,143.66759558826658,0.7367569004526491,39.5,False,0.0
PTEN,PTEN,P60484,AlphaFold/RCSB AF_AFP60484F1,373,E,E373,171.63356330206895,0.7696572345384258,36.97,False,0.0
PTEN,PTEN,P60484,AlphaFold/RCSB AF_AFP60484F1,374,P,P374,102.90284223559243,0.6471876870163046,34.94,False,0.0
PTEN,PTEN,P60484,AlphaFold/RCSB AF_AFP60484F1,375,D,D375,125.21267396950114,0.6487703314481924,34.44,False,0.0
PTEN,PTEN,P60484,AlphaFold/RCSB AF_AFP60484F1,376,H,H376,175.91110559371435,0.7853174356862248,30.77,True,0.65
PTEN,PTEN,P60484,AlphaFold/RCSB AF_AFP60484F1,377,Y,Y377,186.4205247013209,0.708823287837722,34.56,False,0.0
PTEN,PTEN,P60484,AlphaFold/RCSB AF_AFP60484F1,378,R,R378,228.42292732943267,0.8336603187205571,28.86000000000001,False,0.0
PTEN,PTEN,P60484,AlphaFold/RCSB AF_AFP60484F1,379,Y,Y379,149.19603210997712,0.5672852931938294,32.12,False,0.0
PTEN,PTEN,P60484,AlphaFold/RCSB AF_AFP60484F1,380,S,S380,95.33952075392807,0.6150936822834069,27.81,False,0.0
PTEN,PTEN,P60484,AlphaFold/RCSB AF_AFP60484F1,381,D,D381,47.048051757189235,0.24377228889735356,30.5,False,0.0
PTEN,PTEN,P60484,AlphaFold/RCSB AF_AFP60484F1,382,T,T382,120.94568742917178,0.7031726013323941,30.520000000000003,False,0.0
PTEN,PTEN,P60484,AlphaFold/RCSB AF_AFP60484F1,383,T,T383,115.98324023993197,0.674321164185651,32.41,False,0.0
PTEN,PTEN,P60484,AlphaFold/RCSB AF_AFP60484F1,384,D,D384,85.1601825032489,0.4412444689287508,33.06,False,0.0
PTEN,PTEN,P60484,AlphaFold/RCSB AF_AFP60484F1,385,S,S385,52.94578877851458,0.3415857340549328,32.47,False,0.0
PTEN,PTEN,P60484,AlphaFold/RCSB AF_AFP60484F1,386,D,D386,75.24047803583298,0.38984703645509317,37.5,False,0.0
PTEN,PTEN,P60484,AlphaFold/RCSB AF_AFP60484F1,387,P,P387,101.93176337999722,0.6410802728301712,34.84,False,0.0
PTEN,PTEN,P60484,AlphaFold/RCSB AF_AFP60484F1,388,E,E388,91.00942590037343,0.40811401749046383,39.25,False,0.0
PTEN,PTEN,P60484,AlphaFold/RCSB AF_AFP60484F1,389,N,N389,130.83900251829755,0.6709692436835771,37.41,False,0.0
PTEN,PTEN,P60484,AlphaFold/RCSB AF_AFP60484F1,390,E,E390,163.77249423506797,0.7344058037446994,32.09,False,0.0
PTEN,PTEN,P60484,AlphaFold/RCSB AF_AFP60484F1,391,P,P391,113.63956185487153,0.7147142255023367,32.44,False,0.0
PTEN,PTEN,P60484,AlphaFold/RCSB AF_AFP60484F1,392,F,F392,189.65459327626175,0.790227471984424,33.5,False,0.0
PTEN,PTEN,P60484,AlphaFold/RCSB AF_AFP60484F1,393,D,D393,135.24218338334532,0.7007367014681105,36.09,False,0.0
PTEN,PTEN,P60484,AlphaFold/RCSB AF_AFP60484F1,394,E,E394,166.9868713072561,0.7488200507051843,34.53,False,0.0
PTEN,PTEN,P60484,AlphaFold/RCSB AF_AFP60484F1,395,D,D395,138.13572844737826,0.7157291629397837,35.12,False,0.0
PTEN,PTEN,P60484,AlphaFold/RCSB AF_AFP60484F1,396,Q,Q396,169.1614063438473,0.7518284726393213,36.88,False,0.0
PTEN,PTEN,P60484,AlphaFold/RCSB AF_AFP60484F1,397,H,H397,189.40180816498332,0.8455437864508184,38.40999999999999,True,0.65
PTEN,PTEN,P60484,AlphaFold/RCSB AF_AFP60484F1,398,T,T398,114.11266057576094,0.663445701021866,38.589999999999996,False,0.0
PTEN,PTEN,P60484,AlphaFold/RCSB AF_AFP60484F1,399,Q,Q399,176.31865812547926,0.7836384805576856,37.53,False,0.0
PTEN,PTEN,P60484,AlphaFold/RCSB AF_AFP60484F1,400,I,I400,147.04887919495465,0.7464410111419018,43.41,False,0.0
PTEN,PTEN,P60484,AlphaFold/RCSB AF_AFP60484F1,401,T,T401,117.2172327015208,0.6814955389623303,43.38,False,0.0
PTEN,PTEN,P60484,AlphaFold/RCSB AF_AFP60484F1,402,K,K402,182.90327296458548,0.7750138684940063,33.72,True,0.55
PTEN,PTEN,P60484,AlphaFold/RCSB AF_AFP60484F1,403,V,V403,193.00418449626045,1.0,39.59,False,0.0
