protein,gene,uniprot_accession,structure_source,residue_position,residue,residue_label,absolute_sasa,relative_sasa,mean_plddt,target_residue,residue_class_weight,alphafold_priority_score,priority_rank
PTEN,PTEN,P60484,AlphaFold/RCSB AF_AFP60484F1,185,H,H185,166.8900599880431,0.7450449106609067,95.0,True,0.65,0.7827702097974081,1
PTEN,PTEN,P60484,AlphaFold/RCSB AF_AFP60484F1,83,C,C83,94.71228293108297,0.5671394187489998,88.5,True,1.0,0.77071273843705,2
PTEN,PTEN,P60484,AlphaFold/RCSB AF_AFP60484F1,263,K,K263,209.93232978449308,0.8895437702732758,71.25,True,0.55,0.7515446966229741,3
PTEN,PTEN,P60484,AlphaFold/RCSB AF_AFP60484F1,221,K,K221,166.0500735106969,0.703602006401258,90.44,True,0.55,0.7254409028805662,4
PTEN,PTEN,P60484,AlphaFold/RCSB AF_AFP60484F1,62,K,K62,144.57153232566927,0.6125912386680901,96.44,True,0.55,0.7024860574006405,5
PTEN,PTEN,P60484,AlphaFold/RCSB AF_AFP60484F1,223,K,K223,135.51130477642246,0.5742004439678918,97.94,True,0.55,0.6897101997855513,6
PTEN,PTEN,P60484,AlphaFold/RCSB AF_AFP60484F1,266,K,K266,152.954306835096,0.6481114696402372,85.38,True,0.55,0.6852901613381068,7
PTEN,PTEN,P60484,AlphaFold/RCSB AF_AFP60484F1,75,H,H75,115.1475765940771,0.5140516812235585,92.5,True,0.65,0.6713232565506013,8
PTEN,PTEN,P60484,AlphaFold/RCSB AF_AFP60484F1,163,K,K163,131.06887913594605,0.5553766065082459,93.25,True,0.55,0.6671694729287108,9
PTEN,PTEN,P60484,AlphaFold/RCSB AF_AFP60484F1,332,K,K332,123.3916309382919,0.5228458938063216,96.19,True,0.55,0.6613506522128447,10
PTEN,PTEN,P60484,AlphaFold/RCSB AF_AFP60484F1,397,H,H397,189.40180816498332,0.8455437864508184,38.40999999999999,True,0.65,0.6582247039028682,11
PTEN,PTEN,P60484,AlphaFold/RCSB AF_AFP60484F1,144,K,K144,117.94495122379837,0.4997667424737219,98.12,True,0.55,0.6567550341131749,12
PTEN,PTEN,P60484,AlphaFold/RCSB AF_AFP60484F1,250,C,C250,39.30911524618922,0.2353839236298756,97.44,True,1.0,0.648242765633444,13
PTEN,PTEN,P60484,AlphaFold/RCSB AF_AFP60484F1,183,K,K183,114.64208176974387,0.4857715329226435,95.19,True,0.55,0.6416671898151896,14
PTEN,PTEN,P60484,AlphaFold/RCSB AF_AFP60484F1,218,C,C218,29.51714793606827,0.17674938883873215,98.5,True,1.0,0.6250372249774294,15
PTEN,PTEN,P60484,AlphaFold/RCSB AF_AFP60484F1,269,K,K269,103.41857865197636,0.43821431632193375,96.44,True,0.55,0.6240164423448702,16
PTEN,PTEN,P60484,AlphaFold/RCSB AF_AFP60484F1,102,K,K102,99.34124377695892,0.42093747363118184,98.62,True,0.55,0.6227818631340318,17
PTEN,PTEN,P60484,AlphaFold/RCSB AF_AFP60484F1,237,K,K237,101.54884093463647,0.4302916988755783,94.62,True,0.55,0.6149912644940102,18
PTEN,PTEN,P60484,AlphaFold/RCSB AF_AFP60484F1,60,K,K60,98.42289341246156,0.4170461585273795,96.31,True,0.55,0.6141007713373208,19
PTEN,PTEN,P60484,AlphaFold/RCSB AF_AFP60484F1,327,K,K327,95.88089256636529,0.4062749685015478,97.81,True,0.55,0.6137537358256965,20
PTEN,PTEN,P60484,AlphaFold/RCSB AF_AFP60484F1,376,H,H376,175.91110559371435,0.7853174356862248,30.77,True,0.65,0.6082028460588011,21
PTEN,PTEN,P60484,AlphaFold/RCSB AF_AFP60484F1,289,K,K289,201.066189829385,0.8519753806329873,25.949999999999996,True,0.55,0.5987389212848443,22
PTEN,PTEN,P60484,AlphaFold/RCSB AF_AFP60484F1,147,K,K147,86.69476254993322,0.36735068877090343,96.38,True,0.55,0.5919478099469067,23
PTEN,PTEN,P60484,AlphaFold/RCSB AF_AFP60484F1,260,K,K260,91.3644258702291,0.38713739775520806,92.5,True,0.55,0.5892118289898436,24
PTEN,PTEN,P60484,AlphaFold/RCSB AF_AFP60484F1,402,K,K402,182.90327296458548,0.7750138684940063,33.72,True,0.55,0.5874162408223028,25
PTEN,PTEN,P60484,AlphaFold/RCSB AF_AFP60484F1,330,K,K330,80.87275047793,0.3426811460929237,96.38,True,0.55,0.5808465157418157,26
PTEN,PTEN,P60484,AlphaFold/RCSB AF_AFP60484F1,349,K,K349,85.56454317687775,0.36256162363083794,92.25,True,0.55,0.5774027306338771,27
PTEN,PTEN,P60484,AlphaFold/RCSB AF_AFP60484F1,211,C,C211,14.201305696769758,0.08503775866329197,95.44,True,1.0,0.5745869913984814,28
PTEN,PTEN,P60484,AlphaFold/RCSB AF_AFP60484F1,64,H,H64,57.7584950955137,0.2578504245335433,97.94000000000001,True,0.65,0.5723526910400945,29
PTEN,PTEN,P60484,AlphaFold/RCSB AF_AFP60484F1,267,K,K267,86.52112044078399,0.36661491712196603,89.38,True,0.55,0.5706167127048847,30
PTEN,PTEN,P60484,AlphaFold/RCSB AF_AFP60484F1,93,H,H93,61.200951794352484,0.27321853479621644,94.38,True,0.65,0.5685883406582974,31
PTEN,PTEN,P60484,AlphaFold/RCSB AF_AFP60484F1,141,H,H141,54.44533378392607,0.24305952582109852,98.55999999999999,True,0.65,0.5675567866194943,32
PTEN,PTEN,P60484,AlphaFold/RCSB AF_AFP60484F1,296,C,C296,84.86533774952419,0.5081756751468515,29.45,True,1.0,0.5670290538160832,33
PTEN,PTEN,P60484,AlphaFold/RCSB AF_AFP60484F1,313,K,K313,114.08128234833688,0.48339526418786816,69.5,True,0.55,0.5635278688845407,34
PTEN,PTEN,P60484,AlphaFold/RCSB AF_AFP60484F1,342,K,K342,67.25867127996924,0.2849943698303781,97.75,True,0.55,0.5589974664236702,35
PTEN,PTEN,P60484,AlphaFold/RCSB AF_AFP60484F1,124,C,C124,6.4339817545518985,0.03852683685360418,94.25,True,1.0,0.5500870765841219,36
PTEN,PTEN,P60484,AlphaFold/RCSB AF_AFP60484F1,105,C,C105,0.0,0.0,98.88,True,1.0,0.54664,37
PTEN,PTEN,P60484,AlphaFold/RCSB AF_AFP60484F1,136,C,C136,0.0,0.0,98.88,True,1.0,0.54664,37
PTEN,PTEN,P60484,AlphaFold/RCSB AF_AFP60484F1,71,C,C71,1.0714590240627204,0.006415922299776769,96.75,True,1.0,0.5431371650348995,38
PTEN,PTEN,P60484,AlphaFold/RCSB AF_AFP60484F1,80,K,K80,65.07743836784061,0.27575185749085007,93.06,True,0.55,0.5407683358708826,39
PTEN,PTEN,P60484,AlphaFold/RCSB AF_AFP60484F1,128,K,K128,64.32002551180135,0.2725424809822091,93.12,True,0.55,0.539504116441994,40
PTEN,PTEN,P60484,AlphaFold/RCSB AF_AFP60484F1,272,H,H272,39.64407185491496,0.17698246363801323,98.69000000000001,True,0.65,0.5382121086371059,41
PTEN,PTEN,P60484,AlphaFold/RCSB AF_AFP60484F1,164,K,K164,60.22056125813202,0.25517186973784756,92.06,True,0.55,0.5285073413820314,42
PTEN,PTEN,P60484,AlphaFold/RCSB AF_AFP60484F1,196,H,H196,33.04167560138942,0.14750748036334563,97.38,True,0.65,0.5210183661635055,43
PTEN,PTEN,P60484,AlphaFold/RCSB AF_AFP60484F1,197,K,K197,44.42777498853614,0.18825328384972942,97.62,True,0.55,0.5150739777323783,44
PTEN,PTEN,P60484,AlphaFold/RCSB AF_AFP60484F1,304,C,C304,32.67150802220224,0.19563777258803736,58.34000000000001,True,1.0,0.5130569976646169,45
PTEN,PTEN,P60484,AlphaFold/RCSB AF_AFP60484F1,66,K,K66,40.85170007095488,0.17310042402946982,98.62,True,0.55,0.5112551908132614,46
PTEN,PTEN,P60484,AlphaFold/RCSB AF_AFP60484F1,61,H,H61,27.20524990229153,0.1214520084923729,97.0,True,0.65,0.5081534038215678,47
PTEN,PTEN,P60484,AlphaFold/RCSB AF_AFP60484F1,254,K,K254,38.93770359631122,0.164990269475895,98.56,True,0.55,0.5074256212641528,48
PTEN,PTEN,P60484,AlphaFold/RCSB AF_AFP60484F1,125,K,K125,49.71444710599704,0.21065443688981797,91.12,True,0.55,0.5056544966004181,49
PTEN,PTEN,P60484,AlphaFold/RCSB AF_AFP60484F1,344,K,K344,35.45098814016867,0.15021605144139266,96.94,True,0.55,0.4959172231486267,50
PTEN,PTEN,P60484,AlphaFold/RCSB AF_AFP60484F1,118,H,H118,17.088064920670963,0.07628600411013822,98.5,True,0.65,0.4923287018495622,51
PTEN,PTEN,P60484,AlphaFold/RCSB AF_AFP60484F1,259,H,H259,9.432946101668712,0.04211136652530675,96.62,True,0.65,0.4713101149363881,52
PTEN,PTEN,P60484,AlphaFold/RCSB AF_AFP60484F1,123,H,H123,0.0,0.0,97.80999999999999,True,0.65,0.45592999999999995,53
PTEN,PTEN,P60484,AlphaFold/RCSB AF_AFP60484F1,322,K,K322,9.546985914994021,0.04045333014827975,97.94,True,0.55,0.44952399856672587,54
PTEN,PTEN,P60484,AlphaFold/RCSB AF_AFP60484F1,13,K,K13,20.622432054183164,0.08738318667026765,85.56,True,0.55,0.4335024340016205,55
PTEN,PTEN,P60484,AlphaFold/RCSB AF_AFP60484F1,6,K,K6,24.607014547696018,0.10426701079532211,78.06,True,0.55,0.4186001548578949,56
